Bank Name,Interest Rate (%),Type,Min Loan (PKR),Max Loan (PKR),Processing Fee (%),Min Duration (Years),Max Duration (Years)
Habib Bank Limited (HBL),14.5,Conventional,100000,10000000,1.0,1,25
National Bank of Pakistan (NBP),13.0,Conventional,50000,8000000,0.75,1,20
Meezan Bank Limited,15.5,Islamic,100000,10000000,1.0,1,25
United Bank Limited (UBL),14.0,Conventional,100000,9000000,1.0,1,20
MCB Bank Limited,13.5,Conventional,100000,8000000,0.85,1,20
Allied Bank Limited (ABL),14.0,Conventional,50000,7000000,0.9,1,20
Bank Alfalah Limited,13.75,Conventional,100000,9000000,0.95,1,25
Bank AL Habib Limited,16.0,Islamic,100000,10000000,1.0,1,25
Faysal Bank Limited,15.0,Islamic,50000,8000000,0.8,1,20
Askari Bank Limited,14.25,Conventional,100000,9000000,0.9,1,25
